noise_level,precision,recall,f1_score
5,1.0,1.0,1.0
15,1.0,1.0,1.0
30,1.0,0.9710144927536232,0.9852941176470589
