{
  "confusion_matrix": [
    [
      800,
      0
    ],
    [
      0,
      1200
    ]
  ],
  "roc_auc": 1.0,
  "feature_importances": {
    "hand": 0.12196024622875418,
    "slope": 0.1092578885903851,
    "elevation": 0.4771110462954337,
    "dist_to_river": 0.2913548482095448,
    "land_use": 0.0003159706758823216
  }
}