{
  "weights": [
    73.29111780077487,
    68.2117133741016,
    30.829224096558708,
    1.498834863447518
  ],
  "bias": -0.2391474887981561,
  "n_layers": 4
}